poster,poster_no_spaces
alpaca-3rd-carpal-l-poster.webp,alpaca-3rd-carpal-l-poster.webp
alpaca-3rd-tarsal-(t3)-poster.webp,alpaca-3rd-tarsal-(t3)-poster.webp
alpaca-4th-carpal-l-poster.webp,alpaca-4th-carpal-l-poster.webp
alpaca-astragalus-l-poster.webp,alpaca-astragalus-l-poster.webp
alpaca-axis-poster.webp,alpaca-axis-poster.webp
alpaca-calcaneus-l-poster.webp,alpaca-calcaneus-l-poster.webp
alpaca-cervical-3-poster.webp,alpaca-cervical-3-poster.webp
alpaca-cervical-7-poster.webp,alpaca-cervical-7-poster.webp
alpaca-cranium-poster.webp,alpaca-cranium-poster.webp
alpaca-cuboid-l.-(t4)-poster.webp,alpaca-cuboid-l.-(t4)-poster.webp
alpaca-cuneiform-l.-(cu)-poster.webp,alpaca-cuneiform-l.-(cu)-poster.webp
alpaca-femur-l-poster.webp,alpaca-femur-l-poster.webp
alpaca-humerus-l-poster.webp,alpaca-humerus-l-poster.webp
alpaca-lumbar-1-poster.webp,alpaca-lumbar-1-poster.webp
alpaca-lumbar-4-poster.webp,alpaca-lumbar-4-poster.webp
alpaca-lumbar-7-poster.webp,alpaca-lumbar-7-poster.webp
alpaca-lunar-l-poster.webp,alpaca-lunar-l-poster.webp
alpaca-mandible-poster.webp,alpaca-mandible-poster.webp
alpaca-metacarpal-l-poster.webp,alpaca-metacarpal-l-poster.webp
alpaca-metatarsal-l-poster.webp,alpaca-metatarsal-l-poster.webp
alpaca-navicular-l-poster.webp,alpaca-navicular-l-poster.webp
alpaca-pelvis-poster.webp,alpaca-pelvis-poster.webp
alpaca-pisiform-l-poster.webp,alpaca-pisiform-l-poster.webp
alpaca-posterior-phf-poster.webp,alpaca-posterior-phf-poster.webp
alpaca-radius_ulna-l-poster.webp,alpaca-radius_ulna-l-poster.webp
alpaca-rib-12-l-poster.webp,alpaca-rib-12-l-poster.webp
alpaca-rib-1-l-poster.webp,alpaca-rib-1-l-poster.webp
alpaca-rib-6-l-poster.webp,alpaca-rib-6-l-poster.webp
alpaca-sacrum-poster.webp,alpaca-sacrum-poster.webp
alpaca-scapula-l-poster.webp,alpaca-scapula-l-poster.webp
alpaca-sternum-poster.webp,alpaca-sternum-poster.webp
alpaca-thoracic-13-poster.webp,alpaca-thoracic-13-poster.webp
alpaca-thoracic-1-poster.webp,alpaca-thoracic-1-poster.webp
alpaca-thoracic-5-poster.webp,alpaca-thoracic-5-poster.webp
alpaca-tibia-l-poster.webp,alpaca-tibia-l-poster.webp
alpaca-whole-skull-poster.webp,alpaca-whole-skull-poster.webp
harbor-seal-skull-poster.webp,harbor-seal-skull-poster.webp
horse-skull-patch-poster.webp,horse-skull-patch-poster.webp
lizard-skull-poster.webp,lizard-skull-poster.webp
python-skull-poster.webp,python-skull-poster.webp
salamander-skull-poster.webp,salamander-skull-poster.webp
sealion-skull-poster.webp,sealion-skull-poster.webp
sheep-skull-poster.webp,sheep-skull-poster.webp
snapping-turtle-skull-poster.webp,snapping-turtle-skull-poster.webp
tiger-skull-poster.webp,tiger-skull-poster.webp
wildcat-skull-poster.webp,wildcat-skull-poster.webp
